<?xml version="1.0" encoding="UTF-8"?>
<project-private xmlns="http://www.netbeans.org/ns/project-private/1">
    <editor-bookmarks xmlns="http://www.netbeans.org/ns/editor-bookmarks/2" lastBookmarkId="0"/>
    <open-files xmlns="http://www.netbeans.org/ns/projectui-open-files/2">
        <group>
            <file>file:/C:/Users/92323/Desktop/DATABASE/src/database/edit.java</file>
            <file>file:/C:/Users/92323/Desktop/DATABASE/src/database/see.java</file>
            <file>file:/C:/Users/92323/Desktop/DATABASE/src/database/Search.java</file>
            <file>file:/C:/Users/92323/Desktop/DATABASE/src/database/enlist.java</file>
            <file>file:/C:/Users/92323/Desktop/DATABASE/src/database/edit_salaries.java</file>
            <file>file:/C:/Users/92323/Desktop/DATABASE/src/database/reg.java</file>
            <file>file:/C:/Users/92323/Desktop/DATABASE/src/database/editjob.java</file>
            <file>file:/C:/Users/92323/Desktop/DATABASE/src/database/Delete.java</file>
            <file>file:/C:/Users/92323/Desktop/DATABASE/src/database/loG.java</file>
            <file>file:/C:/Users/92323/Desktop/DATABASE/src/database/boss.java</file>
            <file>file:/C:/Users/92323/Desktop/DATABASE/src/database/emp.java</file>
            <file>file:/C:/Users/92323/Desktop/DATABASE/src/database/decide.java</file>
        </group>
    </open-files>
</project-private>
